{"cameraMode":{"drawMode":0,"name":"Shaded","section":"Shading Mode"},"sceneLighting":true,"audioPlay":false,"sceneViewState":{"showFog":false,"showMaterialUpdate":false,"showSkybox":false,"showFlares":false,"showImageEffects":false,"showParticleSystems":false},"in2DMode":false,"pivot":{"x":3.8499999046325685,"y":0.4162721335887909,"z":20.8799991607666},"rotation":{"x":0.017968162894248964,"y":-0.7322615385055542,"z":0.019335683435201646,"w":0.6805275678634644},"size":1.481473684310913,"orthographic":true}